{
  "sample_index": 137,
  "checkpoint": "runs/exp_sep_formal_sf22_normtargets_ft_v1/checkpoints/best.pt",
  "split": "test",
  "nf_aligned": [
    1,
    2,
    2
  ],
  "per_source_sisdr_db": [
    19.1717529296875,
    -79.9141845703125,
    29.224708557128906
  ],
  "jam_sisdr_case_db": -10.505907694498697,
  "bg_leak_corr": 0.9990411400794983
}