{
  "run_dir": "runs\\exp_sep_formal_datafix_v1",
  "sample_index": 137,
  "K_active": 3,
  "NF_aligned": [
    2,
    1,
    2
  ],
  "slot_sisdr_db": [
    8.114360809326172,
    6.116316795349121,
    16.016672134399414
  ],
  "jam_sisdr_case_db": 10.082449913024902,
  "pred_slot_energy": [
    7.480875015258789,
    2.2598836421966553,
    12.208029747009277
  ],
  "true_slot_energy": [
    0.10222873091697693,
    0.2207854688167572,
    0.6214799284934998
  ],
  "bg_leak_corr": 0.92101552793535
}