NF_true,Count,Tl_MAE_us,Tl_RMSE_us,Ts_MAE_us,Ts_RMSE_us,A_Tl,A_Ts,A_NF,A_total
1,876,0.25519341230392456,0.42915624380111694,0.5707570910453796,1.0414626598358154,0.5593607305936074,0.5136986301369864,0.8253424657534246,0.4634703196347032
2,768,0.21082057058811188,0.385111540555954,0.6255678534507751,1.1445417404174805,0.67578125,0.51171875,0.828125,0.4869791666666667
3,856,0.19761422276496887,0.3833247721195221,0.6890719532966614,1.308931827545166,0.6997663551401869,0.441588785046729,0.8481308411214953,0.4088785046728972
